"TERYT Powiatu";"Powiat";"Województwo";"Nr okręgu";"Liczba komisji";"Liczba uwzględnionych komisji";"Frekwencja";"Procent głosów nieważnych";"W tym z powodu postawienia znaku „X” obok nazwiska dwóch lub większej liczby kandydatów z różnych list";"W tym z powodu niepostawienia znaku „X” obok nazwiska żadnego kandydata";"W tym z powodu postawienia znaku „X” wyłącznie obok nazwiska kandydata na liście, której rejestracja została unieważniona";"Procent głosów ważnych oddanych łącznie na wszystkie listy kandydatów";"KOALICYJNY KOMITET WYBORCZY KOALICJA OBYWATELSKA";"KOALICYJNY KOMITET WYBORCZY LEWICA";"KOALICYJNY KOMITET WYBORCZY TRZECIA DROGA POLSKA 2050 SZYMONA HOŁOWNI - POLSKIE STRONNICTWO LUDOWE";"KOMITET WYBORCZY KONFEDERACJA WOLNOŚĆ I NIEPODLEGŁOŚĆ";"KOMITET WYBORCZY NORMALNY KRAJ";"KOMITET WYBORCZY POLEXIT";"KOMITET WYBORCZY POLSKA LIBERALNA STRAJK PRZEDSIĘBIORCÓW";"KOMITET WYBORCZY PRAWO I SPRAWIEDLIWOŚĆ";"KOMITET WYBORCZY RUCH NAPRAWY POLSKI";"KOMITET WYBORCZY WYBORCÓW BEZPARTYJNI SAMORZĄDOWCY-NORMALNA POLSKA W NORMALNEJ EUROPIE";"KOMITET WYBORCZY WYBORCÓW GŁOS SILNEJ POLSKI"
20100;"bolesławiecki";"dolnośląskie";12;83;83;"35,32";"0,83";"61,22";"38,78";"0,00";"99,17";"36,03";"6,50";"4,78";"13,51";;"0,31";;"37,62";;"1,26";
20200;"dzierżoniowski";"dolnośląskie";12;91;91;"37,45";"0,74";"56,10";"43,90";"0,00";"99,26";"38,03";"6,05";"5,37";"11,18";;"0,26";;"37,97";;"1,14";
20300;"głogowski";"dolnośląskie";12;57;57;"38,64";"0,57";"61,11";"38,89";"0,00";"99,43";"34,52";"11,22";"4,73";"11,87";;"0,30";;"36,36";;"1,01";
20400;"górowski";"dolnośląskie";12;34;34;"29,83";"0,87";"67,16";"32,84";"0,00";"99,13";"31,39";"7,90";"4,78";"13,16";;"0,34";;"41,29";;"1,15";
20500;"jaworski";"dolnośląskie";12;47;47;"35,80";"0,75";"62,75";"37,25";"0,00";"99,25";"36,93";"5,15";"4,52";"11,98";;"0,30";;"40,15";;"0,97";
20600;"karkonoski";"dolnośląskie";12;59;59;"38,66";"0,68";"62,79";"37,21";"0,00";"99,32";"45,44";"9,24";"6,03";"10,15";;"0,35";;"27,21";;"1,57";
20700;"kamiennogórski";"dolnośląskie";12;41;41;"34,83";"0,72";"58,02";"41,98";"0,00";"99,28";"41,25";"7,86";"3,92";"9,46";;"0,31";;"35,99";;"1,20";
20800;"kłodzki";"dolnośląskie";12;151;151;"35,87";"0,74";"62,31";"37,69";"0,00";"99,26";"41,35";"6,33";"5,51";"10,06";;"0,27";;"35,40";;"1,09";
20900;"legnicki";"dolnośląskie";12;61;61;"36,92";"0,74";"62,61";"37,39";"0,00";"99,26";"33,57";"5,29";"4,81";"14,17";;"0,38";;"40,70";;"1,08";
21000;"lubański";"dolnośląskie";12;50;50;"34,69";"0,77";"52,73";"47,27";"0,00";"99,23";"37,29";"9,07";"5,38";"10,93";;"0,30";;"34,85";;"2,18";
21100;"lubiński";"dolnośląskie";12;94;94;"41,36";"0,69";"60,71";"39,29";"0,00";"99,31";"32,57";"7,52";"4,72";"12,24";;"0,26";;"40,67";;"2,02";
21200;"lwówecki";"dolnośląskie";12;51;51;"32,49";"0,80";"62,92";"37,08";"0,00";"99,20";"36,75";"7,92";"5,99";"11,74";;"0,34";;"35,64";;"1,62";
21300;"milicki";"dolnośląskie";12;37;37;"32,83";"0,71";"71,21";"28,79";"0,00";"99,29";"29,53";"10,08";"5,22";"12,91";;"0,22";;"41,04";;"1,00";
21400;"oleśnicki";"dolnośląskie";12;81;81;"36,46";"0,73";"59,91";"40,09";"0,00";"99,27";"37,34";"8,71";"5,40";"12,64";;"0,27";;"34,46";;"1,17";
21500;"oławski";"dolnośląskie";12;61;61;"41,78";"0,52";"61,11";"38,89";"0,00";"99,48";"37,92";"7,04";"4,14";"14,17";;"0,28";;"35,09";;"1,35";
21600;"polkowicki";"dolnośląskie";12;52;52;"35,60";"0,94";"66,67";"33,33";"0,00";"99,06";"25,64";"6,43";"4,99";"14,66";;"0,33";;"46,59";;"1,35";
21700;"strzeliński";"dolnośląskie";12;50;50;"37,81";"0,86";"59,46";"40,54";"0,00";"99,14";"28,24";"12,15";"3,67";"13,00";;"0,19";;"41,76";;"0,98";
21800;"średzki";"dolnośląskie";12;59;59;"40,22";"0,75";"62,12";"37,88";"0,00";"99,25";"36,33";"6,55";"5,49";"14,53";;"0,34";;"35,63";;"1,12";
21900;"świdnicki";"dolnośląskie";12;136;136;"39,23";"0,66";"53,62";"46,38";"0,00";"99,34";"40,01";"8,58";"3,94";"10,91";;"0,23";;"35,08";;"1,24";
22000;"trzebnicki";"dolnośląskie";12;108;108;"42,14";"0,72";"63,37";"36,63";"0,00";"99,28";"38,33";"7,36";"4,18";"13,81";;"0,36";;"34,84";;"1,12";
22100;"wałbrzyski";"dolnośląskie";12;52;52;"35,68";"0,69";"50,00";"50,00";"0,00";"99,31";"48,31";"6,68";"3,38";"9,58";;"0,41";;"30,64";;"1,00";
22200;"wołowski";"dolnośląskie";12;40;40;"37,29";"0,90";"52,42";"47,58";"0,00";"99,10";"34,77";"8,29";"3,92";"12,78";;"0,19";;"38,69";;"1,36";
22300;"wrocławski";"dolnośląskie";12;130;130;"48,26";"0,44";"48,70";"51,30";"0,00";"99,56";"44,36";"8,62";"5,32";"14,09";;"0,22";;"26,04";;"1,35";
22400;"ząbkowicki";"dolnośląskie";12;85;85;"34,73";"0,85";"65,52";"34,48";"0,00";"99,15";"30,52";"5,27";"11,51";"10,34";;"0,26";;"41,05";;"1,05";
22500;"zgorzelecki";"dolnośląskie";12;97;97;"35,58";"0,86";"59,02";"40,98";"0,00";"99,14";"35,75";"8,26";"4,61";"12,43";;"0,30";;"37,16";;"1,48";
22600;"złotoryjski";"dolnośląskie";12;46;46;"34,57";"0,70";"62,03";"37,97";"0,00";"99,30";"35,19";"8,72";"4,60";"12,60";;"0,23";;"37,48";;"1,17";
26100;"Jelenia Góra";"dolnośląskie";12;49;49;"41,66";"0,54";"53,49";"46,51";"0,00";"99,46";"48,31";"10,40";"4,42";"9,42";;"0,22";;"26,32";;"0,91";
26200;"Legnica";"dolnośląskie";12;50;50;"39,57";"0,38";"40,78";"59,22";"0,00";"99,62";"41,50";"8,29";"4,14";"12,05";;"0,18";;"32,79";;"1,06";
26400;"Wrocław";"dolnośląskie";12;332;332;"51,61";"0,35";"46,91";"53,09";"0,00";"99,65";"45,73";"14,32";"4,97";"10,93";;"0,19";;"22,64";;"1,22";
26500;"Wałbrzych";"dolnośląskie";12;64;64;"37,97";"0,61";"50,86";"49,14";"0,00";"99,39";"53,40";"7,68";"2,42";"8,11";;"0,24";;"27,35";;"0,80";
40100;"aleksandrowski";"kujawsko-pomorskie";2;67;67;"36,38";"0,69";"55,86";"44,14";"0,00";"99,31";"38,96";"3,89";"6,63";"11,29";;"0,24";"0,32";"37,46";;"1,22";
40200;"brodnicki";"kujawsko-pomorskie";2;75;75;"32,11";"0,71";"72,06";"27,94";"0,00";"99,29";"28,49";"2,53";"19,30";"11,04";;"0,26";"0,20";"37,51";;"0,66";
40300;"bydgoski";"kujawsko-pomorskie";2;122;122;"39,25";"0,60";"56,56";"43,44";"0,00";"99,40";"50,46";"3,82";"7,55";"11,48";;"0,30";"0,25";"25,18";;"0,96";
40400;"chełmiński";"kujawsko-pomorskie";2;52;52;"31,47";"0,92";"66,06";"33,94";"0,00";"99,08";"39,16";"3,39";"8,35";"11,55";;"0,38";"0,38";"35,45";;"1,36";
40500;"golubsko-dobrzyński";"kujawsko-pomorskie";2;42;42;"29,43";"0,78";"65,82";"34,18";"0,00";"99,22";"28,16";"3,04";"11,54";"13,47";;"0,33";"0,23";"42,29";;"0,94";
40600;"grudziądzki";"kujawsko-pomorskie";2;58;58;"28,65";"0,81";"83,10";"16,90";"0,00";"99,19";"27,72";"3,27";"13,71";"13,34";;"0,28";"0,37";"40,19";;"1,12";
40700;"inowrocławski";"kujawsko-pomorskie";2;161;161;"33,61";"0,73";"74,32";"25,68";"0,00";"99,27";"46,88";"3,91";"6,55";"9,68";;"0,25";"0,21";"31,47";;"1,05";
40800;"lipnowski";"kujawsko-pomorskie";2;84;84;"27,99";"0,95";"53,79";"46,21";"0,00";"99,05";"24,55";"3,53";"19,30";"10,88";;"0,26";"0,31";"40,48";;"0,68";
40900;"mogileński";"kujawsko-pomorskie";2;49;49;"30,64";"1,07";"77,39";"22,61";"0,00";"98,93";"35,64";"5,77";"9,79";"11,54";;"0,25";"0,19";"35,84";;"0,98";
41000;"nakielski";"kujawsko-pomorskie";2;102;102;"32,98";"1,01";"70,05";"29,95";"0,00";"98,99";"43,78";"3,31";"6,67";"11,41";;"0,30";"0,30";"33,24";;"0,99";
41100;"radziejowski";"kujawsko-pomorskie";2;56;56;"28,72";"0,74";"68,66";"31,34";"0,00";"99,26";"26,86";"3,71";"9,59";"11,55";;"0,42";"0,26";"46,77";;"0,84";
41200;"rypiński";"kujawsko-pomorskie";2;59;59;"28,23";"0,80";"72,00";"28,00";"0,00";"99,20";"31,62";"2,89";"11,52";"10,12";;"0,30";"0,17";"42,75";;"0,63";
41300;"sępoleński";"kujawsko-pomorskie";2;53;53;"30,81";"0,96";"74,44";"25,56";"0,00";"99,04";"43,25";"2,42";"5,41";"11,57";;"0,29";"0,35";"35,75";;"0,97";
41400;"świecki";"kujawsko-pomorskie";2;115;115;"30,51";"0,89";"73,87";"26,13";"0,00";"99,11";"40,52";"3,15";"7,87";"11,81";;"0,39";"0,54";"34,58";;"1,14";
41500;"toruński";"kujawsko-pomorskie";2;91;91;"35,28";"0,64";"65,26";"34,74";"0,00";"99,36";"44,21";"3,74";"7,12";"12,95";;"0,40";"0,21";"30,43";;"0,95";
41600;"tucholski";"kujawsko-pomorskie";2;60;60;"33,15";"0,80";"71,43";"28,57";"0,00";"99,20";"34,14";"2,72";"9,36";"11,35";;"0,27";"0,36";"40,73";;"1,07";
41700;"wąbrzeski";"kujawsko-pomorskie";2;34;34;"29,80";"0,84";"65,08";"34,92";"0,00";"99,16";"28,91";"2,91";"20,76";"13,18";;"0,47";"0,19";"32,73";;"0,86";
41800;"włocławski";"kujawsko-pomorskie";2;101;101;"28,88";"0,95";"63,24";"36,76";"0,00";"99,05";"28,07";"6,44";"11,32";"11,66";;"0,22";"0,29";"41,20";;"0,80";
41900;"żniński";"kujawsko-pomorskie";2;99;99;"32,42";"1,04";"74,86";"25,14";"0,00";"98,96";"41,90";"2,98";"6,21";"11,50";;"0,37";"0,29";"35,83";;"0,93";
46100;"Bydgoszcz";"kujawsko-pomorskie";2;207;207;"44,35";"0,46";"55,87";"44,13";"0,00";"99,54";"53,08";"5,25";"6,16";"8,58";;"0,22";"0,16";"25,78";;"0,76";
46200;"Grudziądz";"kujawsko-pomorskie";2;55;55;"35,90";"0,58";"62,88";"37,12";"0,00";"99,42";"49,98";"5,22";"8,88";"8,02";;"0,25";"0,39";"26,61";;"0,65";
46300;"Toruń";"kujawsko-pomorskie";2;126;126;"45,62";"0,34";"53,00";"47,00";"0,00";"99,66";"54,70";"4,93";"4,98";"8,84";;"0,21";"0,17";"25,42";;"0,76";
46400;"Włocławek";"kujawsko-pomorskie";2;69;69;"35,69";"0,63";"58,43";"41,57";"0,00";"99,37";"46,56";"13,89";"3,42";"7,45";;"0,20";"0,11";"27,72";;"0,65";
60100;"bialski";"lubelskie";8;135;135;"35,39";"0,79";"63,33";"36,67";"0,00";"99,21";"19,12";"2,60";"6,76";"15,69";;"0,32";;"54,41";;"1,11";
60200;"biłgorajski";"lubelskie";8;111;111;"37,49";"0,58";"67,63";"32,37";"0,00";"99,42";"16,65";"1,97";"10,38";"17,41";;"0,29";;"52,60";;"0,71";
60300;"chełmski";"lubelskie";8;107;107;"31,15";"0,82";"69,48";"30,52";"0,00";"99,18";"23,96";"3,97";"4,83";"17,56";;"0,35";;"48,34";;"0,99";
60400;"hrubieszowski";"lubelskie";8;87;87;"30,72";"0,75";"59,29";"40,71";"0,00";"99,25";"21,36";"2,53";"9,20";"15,51";;"0,37";;"49,80";;"1,23";
60500;"janowski";"lubelskie";8;45;45;"42,07";"0,51";"50,00";"50,00";"0,00";"99,49";"10,52";"4,26";"2,61";"17,84";;"0,19";;"64,01";;"0,56";
60600;"krasnostawski";"lubelskie";8;101;101;"32,67";"0,74";"58,68";"41,32";"0,00";"99,26";"26,42";"2,88";"5,65";"15,43";;"0,40";;"47,61";;"1,61";
60700;"kraśnicki";"lubelskie";8;95;95;"36,87";"0,70";"59,26";"40,74";"0,00";"99,30";"19,30";"3,40";"6,56";"14,12";;"0,24";;"55,56";;"0,83";
60800;"lubartowski";"lubelskie";8;98;98;"36,66";"0,66";"53,29";"46,71";"0,00";"99,34";"20,46";"2,46";"6,26";"17,98";;"0,30";;"51,41";;"1,14";
60900;"lubelski";"lubelskie";8;144;144;"39,67";"0,47";"54,74";"45,26";"0,00";"99,53";"24,76";"2,70";"6,38";"18,67";;"0,30";;"45,89";;"1,31";
61000;"łęczyński";"lubelskie";8;65;65;"36,32";"0,49";"52,56";"47,44";"0,00";"99,51";"24,73";"2,01";"4,35";"17,83";;"0,45";;"48,81";;"1,82";
61100;"łukowski";"lubelskie";8;133;133;"38,05";"0,69";"59,24";"40,76";"0,00";"99,31";"14,35";"3,20";"5,69";"18,12";;"0,30";;"57,37";;"0,98";
61200;"opolski";"lubelskie";8;71;71;"33,79";"0,77";"53,72";"46,28";"0,00";"99,23";"19,99";"2,03";"7,46";"16,74";;"0,26";;"52,68";;"0,83";
61300;"parczewski";"lubelskie";8;46;46;"35,41";"0,69";"57,58";"42,42";"0,00";"99,31";"20,85";"2,49";"8,49";"16,29";;"0,39";;"50,10";;"1,39";
61400;"puławski";"lubelskie";8;109;109;"40,44";"0,57";"54,41";"45,59";"0,00";"99,43";"31,69";"3,10";"5,72";"14,31";;"0,31";;"43,68";;"1,19";
61500;"radzyński";"lubelskie";8;77;77;"35,86";"0,62";"57,43";"42,57";"0,00";"99,38";"14,81";"1,77";"9,11";"17,52";;"0,22";;"55,07";;"1,50";
61600;"rycki";"lubelskie";8;81;81;"39,51";"0,69";"53,85";"46,15";"0,00";"99,31";"19,45";"3,05";"13,48";"12,87";;"0,34";;"49,74";;"1,06";
61700;"świdnicki";"lubelskie";8;62;62;"39,12";"0,47";"59,80";"40,20";"0,00";"99,53";"27,33";"3,26";"7,93";"13,76";;"0,35";;"46,21";;"1,17";
61800;"tomaszowski";"lubelskie";8;113;113;"34,66";"0,74";"67,07";"32,93";"0,00";"99,26";"18,10";"2,01";"6,48";"13,83";;"0,29";;"58,15";;"1,14";
61900;"włodawski";"lubelskie";8;52;52;"35,70";"1,00";"74,07";"25,93";"0,00";"99,00";"24,41";"3,87";"16,58";"12,10";;"0,26";;"41,75";;"1,02";
62000;"zamojski";"lubelskie";8;153;153;"34,73";"0,81";"59,00";"41,00";"0,00";"99,19";"14,77";"1,81";"8,93";"17,17";;"0,40";;"53,80";;"3,12";
66100;"Biała Podlaska";"lubelskie";8;29;29;"42,06";"0,39";"58,57";"41,43";"0,00";"99,61";"37,26";"2,65";"3,75";"11,56";;"0,22";;"43,79";;"0,77";
66200;"Chełm";"lubelskie";8;36;36;"39,16";"0,45";"70,73";"29,27";"0,00";"99,55";"37,61";"7,69";"4,99";"10,82";;"0,35";;"37,94";;"0,61";
66300;"Lublin";"lubelskie";8;217;217;"46,34";"0,32";"46,83";"53,17";"0,00";"99,68";"41,59";"4,83";"5,34";"12,44";;"0,26";;"34,47";;"1,06";
66400;"Zamość";"lubelskie";8;35;35;"38,44";"0,42";"45,45";"54,55";"0,00";"99,58";"29,73";"3,44";"13,28";"11,43";;"0,25";;"40,49";;"1,37";
80100;"gorzowski";"lubuskie";13;70;70;"35,05";"0,83";"57,14";"42,86";"0,00";"99,17";"43,85";"8,20";"4,73";"10,41";;"0,32";;"31,19";;"1,30";
80200;"krośnieński";"lubuskie";13;63;63;"31,64";"0,91";"65,25";"34,75";"0,00";"99,09";"43,04";"9,44";"6,06";"8,62";;"0,22";;"31,50";;"1,12";
80300;"międzyrzecki";"lubuskie";13;66;66;"33,05";"0,77";"64,86";"35,14";"0,00";"99,23";"43,41";"9,68";"5,87";"9,23";;"0,22";;"30,44";;"1,16";
80400;"nowosolski";"lubuskie";13;65;65;"34,57";"0,70";"61,04";"38,96";"0,00";"99,30";"40,45";"8,33";"5,62";"10,55";;"0,25";;"33,73";;"1,07";
80500;"słubicki";"lubuskie";13;39;39;"31,80";"0,77";"68,60";"31,40";"0,00";"99,23";"42,03";"11,67";"5,23";"10,04";;"0,26";;"29,86";;"0,91";
80600;"strzelecko-drezdenecki";"lubuskie";13;53;53;"30,96";"0,77";"64,37";"35,63";"0,00";"99,23";"41,36";"9,04";"4,66";"8,63";;"0,28";;"35,07";;"0,96";
80700;"sulęciński";"lubuskie";13;49;49;"33,36";"0,86";"66,67";"33,33";"0,00";"99,14";"37,72";"6,34";"9,41";"10,19";;"0,31";;"35,25";;"0,77";
80800;"świebodziński";"lubuskie";13;59;59;"35,05";"0,72";"56,60";"43,40";"0,00";"99,28";"41,83";"7,89";"6,72";"10,92";;"0,21";;"31,59";;"0,85";
80900;"zielonogórski";"lubuskie";13;78;78;"34,95";"0,78";"65,19";"34,81";"0,00";"99,22";"45,45";"8,58";"6,05";"10,60";;"0,35";;"27,94";;"1,04";
81000;"żagański";"lubuskie";13;80;80;"32,35";"0,73";"59,12";"40,88";"0,00";"99,27";"40,10";"9,65";"4,48";"10,31";;"0,35";;"34,18";;"0,93";
81100;"żarski";"lubuskie";13;83;83;"32,44";"0,74";"59,65";"40,35";"0,00";"99,26";"40,73";"9,70";"5,85";"9,55";;"0,26";;"32,52";;"1,39";
81200;"wschowski";"lubuskie";13;44;44;"31,78";"0,92";"52,94";"47,06";"0,00";"99,08";"33,68";"6,70";"5,41";"10,68";;"0,27";;"42,42";;"0,84";
86100;"Gorzów Wielkopolski";"lubuskie";13;68;68;"39,72";"0,42";"46,15";"53,85";"0,00";"99,58";"47,39";"10,38";"3,49";"7,64";;"0,18";;"29,63";;"1,30";
86200;"Zielona Góra";"lubuskie";13;84;84;"45,15";"0,45";"48,58";"51,42";"0,00";"99,55";"49,88";"13,26";"5,17";"8,74";;"0,27";;"21,93";;"0,76";
100100;"bełchatowski";"łódzkie";6;79;79;"38,36";"0,64";"61,32";"38,68";"0,00";"99,36";"22,44";"5,91";"4,83";"17,56";;"0,30";"0,39";"47,68";;"0,90";
100200;"kutnowski";"łódzkie";6;86;86;"35,02";"0,65";"60,48";"39,52";"0,00";"99,35";"31,01";"8,16";"3,97";"10,63";;"0,21";"0,30";"45,03";;"0,69";
100300;"łaski";"łódzkie";6;60;60;"38,63";"0,61";"60,87";"39,13";"0,00";"99,39";"28,43";"6,77";"8,52";"11,93";;"0,27";"0,23";"42,97";;"0,88";
100400;"łęczycki";"łódzkie";6;53;53;"32,58";"0,75";"63,54";"36,46";"0,00";"99,25";"26,29";"4,79";"5,09";"13,81";;"0,39";"0,25";"48,67";;"0,71";
100500;"łowicki";"łódzkie";6;83;83;"36,41";"0,79";"51,15";"48,85";"0,00";"99,21";"23,50";"6,28";"7,41";"12,72";;"0,26";"0,21";"48,85";;"0,77";
100600;"łódzki wschodni";"łódzkie";6;90;90;"46,31";"0,48";"53,12";"46,88";"0,00";"99,52";"34,12";"9,43";"4,80";"11,94";;"0,24";"0,22";"38,36";;"0,89";
100700;"opoczyński";"łódzkie";6;95;95;"41,63";"0,71";"48,85";"51,15";"0,00";"99,29";"16,16";"4,22";"5,34";"11,44";;"0,38";"0,30";"61,35";;"0,82";
100800;"pabianicki";"łódzkie";6;71;71;"44,09";"0,45";"52,51";"47,49";"0,00";"99,55";"40,88";"10,20";"4,68";"10,62";;"0,26";"0,27";"32,06";;"1,04";
100900;"pajęczański";"łódzkie";6;44;44;"35,03";"0,75";"52,83";"47,17";"0,00";"99,25";"19,65";"5,64";"5,74";"13,61";;"0,29";"0,26";"54,07";;"0,72";
101000;"piotrkowski";"łódzkie";6;95;95;"37,50";"0,65";"51,43";"48,57";"0,00";"99,35";"14,36";"5,78";"10,05";"13,84";;"0,27";"0,33";"54,53";;"0,84";
101100;"poddębicki";"łódzkie";6;55;55;"34,79";"0,91";"61,17";"38,83";"0,00";"99,09";"22,27";"4,91";"12,88";"12,08";;"0,27";"0,26";"46,54";;"0,80";
101200;"radomszczański";"łódzkie";6;108;108;"35,46";"0,74";"63,00";"37,00";"0,00";"99,26";"25,75";"6,61";"4,76";"11,18";;"0,27";"0,27";"49,85";;"1,30";
101300;"rawski";"łódzkie";6;38;38;"34,22";"0,61";"57,69";"42,31";"0,00";"99,39";"20,08";"5,23";"8,69";"12,46";;"0,32";"0,17";"51,74";;"1,30";
101400;"sieradzki";"łódzkie";6;101;101;"35,94";"0,69";"62,56";"37,44";"0,00";"99,31";"25,71";"6,02";"7,99";"11,95";;"0,23";"0,19";"47,19";;"0,72";
101500;"skierniewicki";"łódzkie";6;42;42;"39,08";"0,72";"65,48";"34,52";"0,00";"99,28";"14,80";"3,77";"6,03";"13,71";;"0,23";"0,30";"60,34";;"0,80";
101600;"tomaszowski";"łódzkie";6;92;92;"40,87";"0,69";"51,00";"49,00";"0,00";"99,31";"27,66";"6,14";"6,29";"11,37";;"0,25";"0,23";"47,25";;"0,80";
101700;"wieluński";"łódzkie";6;88;88;"36,15";"0,69";"60,14";"39,86";"0,00";"99,31";"28,18";"5,98";"6,12";"11,98";;"0,28";"0,22";"46,31";;"0,92";
101800;"wieruszowski";"łódzkie";6;45;45;"32,52";"0,69";"58,11";"41,89";"0,00";"99,31";"24,51";"7,79";"7,33";"14,69";;"0,29";"0,32";"44,22";;"0,84";
101900;"zduńskowolski";"łódzkie";6;43;43;"39,45";"0,48";"61,70";"38,30";"0,00";"99,52";"24,65";"6,34";"17,29";"10,27";;"0,15";"0,18";"40,54";;"0,57";
102000;"zgierski";"łódzkie";6;135;135;"41,83";"0,50";"51,30";"48,70";"0,00";"99,50";"39,62";"9,20";"4,77";"10,75";;"0,23";"0,23";"34,34";;"0,88";
102100;"brzeziński";"łódzkie";6;45;45;"38,77";"0,72";"53,73";"46,27";"0,00";"99,28";"24,98";"6,48";"6,60";"12,12";;"0,28";"0,22";"48,47";;"0,86";
106100;"Łódź";"łódzkie";6;322;322;"47,94";"0,39";"48,95";"51,05";"0,00";"99,61";"45,20";"16,35";"4,30";"8,47";;"0,22";"0,16";"24,54";;"0,75";
106200;"Piotrków Trybunalski";"łódzkie";6;41;41;"40,41";"0,48";"55,24";"44,76";"0,00";"99,52";"34,89";"9,72";"7,62";"10,60";;"0,20";"0,18";"36,03";;"0,76";
106300;"Skierniewice";"łódzkie";6;29;29;"45,08";"0,50";"31,25";"68,75";"0,00";"99,50";"37,41";"9,53";"5,52";"10,40";;"0,24";"0,17";"35,77";;"0,96";
120100;"bocheński";"małopolskie";10;86;86;"42,00";"0,61";"56,54";"43,46";"0,00";"99,39";"18,51";"2,07";"7,26";"16,64";"0,27";"0,21";"0,07";"54,33";;"0,64";
120200;"brzeski";"małopolskie";10;76;76;"39,64";"0,72";"59,02";"40,98";"0,00";"99,28";"16,39";"2,11";"7,13";"17,22";"0,29";"0,18";"0,09";"55,97";;"0,62";
120300;"chrzanowski";"małopolskie";10;93;93;"40,87";"0,60";"67,53";"32,47";"0,00";"99,40";"39,24";"4,28";"5,50";"12,65";"0,33";"0,22";"0,09";"36,91";;"0,78";
120400;"dąbrowski";"małopolskie";10;63;63;"34,40";"0,77";"54,47";"45,53";"0,00";"99,23";"9,30";"1,68";"10,19";"14,87";"0,25";"0,17";"0,08";"62,98";;"0,47";
120500;"gorlicki";"małopolskie";10;99;99;"36,93";"0,57";"61,36";"38,64";"0,00";"99,43";"19,35";"2,88";"6,65";"15,73";"0,23";"0,23";"0,09";"52,92";;"1,92";
120600;"krakowski";"małopolskie";10;263;263;"43,48";"0,47";"55,19";"44,81";"0,00";"99,53";"30,90";"4,12";"8,18";"15,83";"0,31";"0,27";"0,07";"39,54";;"0,79";
120700;"limanowski";"małopolskie";10;114;114;"41,69";"0,47";"59,39";"40,61";"0,00";"99,53";"9,41";"1,21";"9,59";"14,78";"0,20";"0,21";"0,07";"64,10";;"0,44";
120800;"miechowski";"małopolskie";10;89;89;"36,97";"0,76";"59,81";"40,19";"0,00";"99,24";"17,15";"3,32";"10,14";"19,29";"0,31";"0,36";"0,09";"48,64";;"0,70";
120900;"myślenicki";"małopolskie";10;98;98;"43,40";"0,56";"53,14";"46,86";"0,00";"99,44";"19,23";"2,18";"6,71";"17,29";"0,41";"0,24";"0,11";"53,12";;"0,71";
121000;"nowosądecki";"małopolskie";10;193;193;"44,14";"0,62";"54,47";"45,53";"0,00";"99,38";"13,48";"1,27";"4,91";"15,59";"0,25";"0,19";"0,09";"63,56";;"0,66";
121100;"nowotarski";"małopolskie";10;156;156;"35,64";"0,63";"59,70";"40,30";"0,00";"99,37";"19,45";"1,75";"4,45";"16,05";"0,29";"0,30";"0,08";"56,95";;"0,68";
121200;"olkuski";"małopolskie";10;103;103;"41,32";"0,52";"50,28";"49,72";"0,00";"99,48";"30,34";"4,55";"5,95";"15,23";"0,32";"0,27";"0,07";"42,61";;"0,66";
121300;"oświęcimski";"małopolskie";10;108;108;"43,30";"0,55";"62,55";"37,45";"0,00";"99,45";"34,03";"3,79";"8,49";"12,09";"0,28";"0,20";"0,07";"40,37";;"0,68";
121400;"proszowicki";"małopolskie";10;85;85;"35,15";"0,82";"62,24";"37,76";"0,00";"99,18";"13,71";"2,62";"12,41";"17,82";"0,26";"0,28";"0,17";"52,23";;"0,50";
121500;"suski";"małopolskie";10;62;62;"37,47";"0,59";"61,11";"38,89";"0,00";"99,41";"21,51";"2,03";"6,20";"17,07";"0,37";"0,22";"0,09";"51,77";;"0,75";
121600;"tarnowski";"małopolskie";10;194;194;"38,30";"0,66";"60,35";"39,65";"0,00";"99,34";"14,75";"1,61";"7,26";"16,55";"0,39";"0,28";"0,09";"58,35";;"0,72";
121700;"tatrzański";"małopolskie";10;54;54;"41,72";"0,47";"50,00";"50,00";"0,00";"99,53";"28,54";"2,64";"4,29";"14,35";"0,18";"0,23";"0,07";"48,94";;"0,74";
121800;"wadowicki";"małopolskie";10;116;116;"39,09";"0,57";"59,42";"40,58";"0,00";"99,43";"27,35";"2,85";"7,26";"14,51";"0,43";"0,29";"0,08";"46,46";;"0,78";
121900;"wielicki";"małopolskie";10;110;110;"43,95";"0,41";"47,06";"52,94";"0,00";"99,59";"33,59";"3,93";"7,22";"16,07";"0,27";"0,26";"0,07";"37,83";;"0,75";
126100;"Kraków";"małopolskie";10;456;456;"51,27";"0,30";"41,85";"58,15";"0,00";"99,70";"42,84";"10,30";"7,48";"12,68";"0,24";"0,32";"0,07";"25,29";;"0,79";
126200;"Nowy Sącz";"małopolskie";10;53;53;"46,27";"0,47";"46,32";"53,68";"0,00";"99,53";"33,19";"2,19";"4,52";"13,73";"0,19";"0,17";"0,09";"45,28";;"0,64";
126300;"Tarnów";"małopolskie";10;75;75;"42,88";"0,43";"52,63";"47,37";"0,00";"99,57";"38,09";"3,34";"6,98";"13,02";"0,29";"0,21";"0,07";"37,32";;"0,68";
140100;"białobrzeski";"mazowieckie";5;38;38;"37,18";"0,91";"49,44";"50,56";"0,00";"99,09";"16,67";"2,19";"6,60";"11,88";"0,14";"0,31";"0,19";"60,96";"0,13";"0,65";"0,28"
140200;"ciechanowski";"mazowieckie";5;71;71;"34,62";"0,74";"63,43";"36,57";"0,00";"99,26";"27,66";"4,19";"8,99";"11,15";"0,26";"0,17";"0,08";"46,57";"0,18";"0,63";"0,12"
140300;"garwoliński";"mazowieckie";5;145;145;"42,35";"0,65";"48,91";"51,09";"0,00";"99,35";"14,42";"1,90";"9,07";"13,95";"0,16";"0,16";"0,08";"59,15";"0,16";"0,74";"0,21"
140400;"gostyniński";"mazowieckie";5;52;52;"33,30";"0,84";"50,52";"49,48";"0,00";"99,16";"27,10";"2,84";"7,62";"11,65";"0,41";"0,25";"0,09";"49,08";"0,21";"0,54";"0,23"
140500;"grodziski";"mazowieckie";4;60;60;"49,45";"0,41";"50,98";"49,02";"0,00";"99,59";"39,11";"7,49";"9,66";"13,26";;"0,29";;"28,92";;"1,27";
140600;"grójecki";"mazowieckie";5;96;96;"38,26";"0,57";"55,69";"44,31";"0,00";"99,43";"21,85";"3,27";"13,25";"15,05";"0,21";"0,20";"0,19";"44,90";"0,19";"0,68";"0,21"
140700;"kozienicki";"mazowieckie";5;67;67;"38,90";"0,57";"60,95";"39,05";"0,00";"99,43";"21,64";"3,46";"6,31";"13,06";"0,22";"0,28";"0,14";"53,61";"0,24";"0,77";"0,26"
140800;"legionowski";"mazowieckie";4;71;71;"49,65";"0,44";"48,78";"51,22";"0,00";"99,56";"41,75";"6,56";"8,12";"13,73";;"0,23";;"28,42";;"1,19";
140900;"lipski";"mazowieckie";5;45;45;"30,98";"0,84";"65,71";"34,29";"0,00";"99,16";"16,20";"3,53";"9,38";"13,61";"0,29";"0,29";"0,16";"55,35";"0,18";"0,61";"0,41"
141000;"łosicki";"mazowieckie";5;48;48;"36,96";"0,69";"52,46";"47,54";"0,00";"99,31";"10,78";"1,84";"14,15";"16,43";"0,17";"0,21";"0,13";"55,23";"0,25";"0,53";"0,30"
141100;"makowski";"mazowieckie";5;56;56;"36,26";"0,82";"56,31";"43,69";"0,00";"99,18";"17,46";"2,67";"10,38";"12,74";"0,27";"0,21";"0,17";"55,11";"0,14";"0,62";"0,22"
141200;"miński";"mazowieckie";5;125;125;"45,79";"0,53";"49,83";"50,17";"0,00";"99,47";"28,80";"3,98";"8,90";"13,38";"0,20";"0,22";"0,06";"43,10";"0,23";"0,93";"0,20"
141300;"mławski";"mazowieckie";5;65;65;"30,93";"0,77";"70,45";"29,55";"0,00";"99,23";"23,33";"3,03";"12,47";"12,45";"0,21";"0,21";"0,12";"47,29";"0,22";"0,42";"0,25"
141400;"nowodworski";"mazowieckie";4;54;54;"40,58";"0,50";"64,00";"36,00";"0,00";"99,50";"33,20";"5,65";"8,03";"13,55";;"0,31";;"38,29";;"0,97";
141500;"ostrołęcki";"mazowieckie";5;118;118;"34,12";"0,71";"52,35";"47,65";"0,00";"99,29";"11,03";"1,65";"20,40";"13,91";"0,21";"0,21";"0,11";"51,03";"0,15";"1,12";"0,18"
141600;"ostrowski";"mazowieckie";5;94;94;"36,40";"0,52";"45,28";"54,72";"0,00";"99,48";"16,73";"2,13";"11,23";"12,71";"0,21";"0,14";"0,07";"55,89";"0,22";"0,51";"0,16"
141700;"otwocki";"mazowieckie";4;110;110;"51,64";"0,57";"44,88";"55,12";"0,00";"99,43";"32,38";"5,14";"7,46";"14,47";;"0,30";;"38,91";;"1,35";
141800;"piaseczyński";"mazowieckie";4;131;131;"51,19";"0,43";"43,93";"56,07";"0,00";"99,57";"45,28";"7,05";"7,20";"13,50";;"0,22";;"25,60";;"1,15";
141900;"płocki";"mazowieckie";5;137;137;"33,56";"0,89";"59,85";"40,15";"0,00";"99,11";"22,10";"3,26";"10,09";"13,04";"0,30";"0,21";"0,15";"49,72";"0,21";"0,72";"0,19"
142000;"płoński";"mazowieckie";5;82;82;"31,07";"0,73";"61,29";"38,71";"0,00";"99,27";"25,61";"3,18";"8,68";"11,52";"0,27";"0,23";"0,11";"49,34";"0,23";"0,67";"0,15"
142100;"pruszkowski";"mazowieckie";4;94;94;"53,55";"0,39";"40,68";"59,32";"0,00";"99,61";"43,28";"7,10";"7,66";"12,79";;"0,27";;"27,59";;"1,31";
142200;"przasnyski";"mazowieckie";5;63;63;"32,55";"0,87";"63,39";"36,61";"0,00";"99,13";"22,38";"2,05";"7,52";"12,54";"0,24";"0,23";"0,13";"54,04";"0,17";"0,53";"0,18"
142300;"przysuski";"mazowieckie";5;66;66;"41,05";"0,69";"56,99";"43,01";"0,00";"99,31";"12,17";"1,83";"7,48";"11,78";"0,20";"0,25";"0,16";"61,57";"0,19";"0,47";"3,89"
142400;"pułtuski";"mazowieckie";5;56;56;"35,75";"0,80";"53,04";"46,96";"0,00";"99,20";"21,21";"3,29";"9,72";"13,75";"0,27";"0,17";"0,19";"50,28";"0,18";"0,76";"0,19"
142500;"radomski";"mazowieckie";5;135;135;"36,77";"0,63";"55,64";"44,36";"0,00";"99,37";"18,39";"2,90";"5,78";"14,47";"0,24";"0,17";"0,13";"56,69";"0,14";"0,72";"0,37"
142600;"siedlecki";"mazowieckie";5;96;96;"39,74";"0,71";"47,49";"52,51";"0,00";"99,29";"10,21";"1,33";"11,36";"17,44";"0,15";"0,20";"0,12";"58,28";"0,18";"0,48";"0,26"
142700;"sierpecki";"mazowieckie";5;53;53;"30,72";"0,80";"60,82";"39,18";"0,00";"99,20";"22,20";"3,50";"9,02";"12,30";"0,28";"0,30";"0,10";"51,02";"0,20";"0,77";"0,30"
142800;"sochaczewski";"mazowieckie";5;67;67;"37,40";"0,68";"59,51";"40,49";"0,00";"99,32";"30,13";"3,38";"7,68";"11,80";"0,20";"0,23";"0,11";"45,29";"0,20";"0,80";"0,18"
142900;"sokołowski";"mazowieckie";5;55;55;"40,37";"0,60";"54,46";"45,54";"0,00";"99,40";"15,19";"1,55";"11,93";"16,87";"0,17";"0,22";"0,06";"52,97";"0,19";"0,51";"0,35"
143000;"szydłowiecki";"mazowieckie";5;36;36;"33,55";"0,66";"44,12";"55,88";"0,00";"99,34";"17,79";"3,12";"4,90";"13,30";"0,31";"0,25";"0,08";"58,41";"0,21";"0,74";"0,89"
143200;"warszawski zachodni";"mazowieckie";4;71;71;"51,82";"0,42";"49,76";"50,24";"0,00";"99,58";"41,91";"6,61";"7,24";"13,41";;"0,25";;"29,36";;"1,23";
143300;"węgrowski";"mazowieckie";5;72;72;"40,82";"0,67";"44,29";"55,71";"0,00";"99,33";"18,11";"2,08";"6,89";"13,84";"0,19";"0,14";"0,06";"57,78";"0,19";"0,51";"0,20"
143400;"wołomiński";"mazowieckie";4;171;171;"46,66";"0,51";"48,14";"51,86";"0,00";"99,49";"30,69";"5,48";"6,42";"16,88";;"0,26";;"39,14";;"1,14";
143500;"wyszkowski";"mazowieckie";5;68;68;"39,75";"0,60";"62,59";"37,41";"0,00";"99,40";"21,02";"3,77";"8,43";"13,90";"0,27";"0,17";"0,16";"50,97";"0,21";"0,92";"0,19"
143600;"zwoleński";"mazowieckie";5;44;44;"32,98";"0,86";"55,00";"45,00";"0,00";"99,14";"16,46";"2,77";"7,26";"16,36";"0,30";"0,26";"0,12";"55,07";"0,15";"0,66";"0,58"
143700;"żuromiński";"mazowieckie";5;37;37;"28,43";"0,77";"63,08";"36,92";"0,00";"99,23";"20,74";"3,60";"12,42";"9,99";"0,20";"0,26";"0,10";"52,20";"0,13";"0,25";"0,10"
143800;"żyrardowski";"mazowieckie";5;64;64;"40,80";"0,61";"58,87";"41,13";"0,00";"99,39";"32,03";"5,02";"9,50";"12,06";"0,30";"0,25";"0,10";"38,84";"0,75";"0,93";"0,21"
146100;"Ostrołęka";"mazowieckie";5;29;29;"39,07";"0,75";"36,04";"63,96";"0,00";"99,25";"25,24";"3,88";"18,08";"10,10";"0,12";"0,25";"0,05";"40,58";"0,12";"1,41";"0,18"
146200;"Płock";"mazowieckie";5;72;72;"41,63";"0,48";"55,11";"44,89";"0,00";"99,52";"43,46";"5,14";"6,63";"9,14";"0,25";"0,09";"0,06";"34,26";"0,20";"0,61";"0,15"
146300;"Radom";"mazowieckie";5;115;115;"42,48";"0,38";"60,08";"39,92";"0,00";"99,62";"36,58";"4,74";"4,93";"11,32";"0,18";"0,17";"0,06";"41,16";"0,10";"0,53";"0,25"
146400;"Siedlce";"mazowieckie";5;43;43;"44,39";"0,33";"45,24";"54,76";"0,00";"99,67";"32,54";"3,40";"7,27";"11,99";"0,17";"0,22";"0,05";"43,38";"0,19";"0,62";"0,17"
146501;"Warszawa";"mazowieckie";4;849;849;"58,15";"0,35";"48,42";"51,58";"0,00";"99,65";"48,25";"11,98";"7,00";"10,16";;"0,22";;"21,38";;"1,01";
;"statki";;4;7;7;"91,56";"3,07";"66,67";"33,33";"0,00";"96,93";"32,75";"6,69";"12,68";"35,56";;"0,00";;"11,27";;"1,06";
;"zagranica";;4;299;299;"87,91";"0,44";"34,91";"65,09";"0,00";"99,56";"40,89";"16,22";"5,51";"16,19";;"0,22";;"20,25";;"0,73";
160100;"brzeski";"opolskie";12;103;103;"36,84";"0,53";"52,67";"47,33";"0,00";"99,47";"37,35";"5,25";"4,41";"12,88";;"0,28";;"38,44";;"1,40";
160200;"głubczycki";"opolskie";12;64;64;"34,06";"0,97";"52,63";"47,37";"0,00";"99,03";"33,61";"4,59";"4,48";"10,65";;"0,39";;"45,21";;"1,08";
160300;"kędzierzyńsko-kozielski";"opolskie";12;73;73;"32,62";"0,71";"71,97";"28,03";"0,00";"99,29";"46,70";"6,31";"5,60";"11,48";;"0,32";;"28,07";;"1,52";
160400;"kluczborski";"opolskie";12;70;70;"33,42";"0,72";"65,25";"34,75";"0,00";"99,28";"47,10";"4,19";"3,06";"11,54";;"0,25";;"33,09";;"0,77";
160500;"krapkowicki";"opolskie";12;57;57;"27,45";"0,70";"69,23";"30,77";"0,00";"99,30";"51,07";"4,84";"6,26";"12,50";;"0,37";;"23,52";;"1,43";
160600;"namysłowski";"opolskie";12;71;71;"36,68";"0,65";"58,97";"41,03";"0,00";"99,35";"38,24";"5,46";"4,20";"13,25";;"0,24";;"37,76";;"0,85";
160700;"nyski";"opolskie";12;143;143;"34,57";"0,66";"58,82";"41,18";"0,00";"99,34";"34,77";"6,01";"4,75";"10,96";;"0,28";;"42,39";;"0,84";
160800;"oleski";"opolskie";12;68;68;"29,81";"0,66";"61,86";"38,14";"0,00";"99,34";"42,26";"4,54";"5,15";"13,38";;"0,26";;"33,07";;"1,33";
160900;"opolski";"opolskie";12;135;135;"31,29";"0,75";"65,04";"34,96";"0,00";"99,25";"50,36";"5,23";"6,02";"12,18";;"0,31";;"24,78";;"1,12";
161000;"prudnicki";"opolskie";12;75;75;"30,31";"0,76";"60,00";"40,00";"0,00";"99,24";"38,46";"4,38";"3,97";"13,73";;"0,29";;"38,07";;"1,10";
161100;"strzelecki";"opolskie";12;81;81;"28,34";"0,91";"61,49";"38,51";"0,00";"99,09";"47,93";"4,87";"5,30";"12,50";;"0,40";;"27,41";;"1,58";
166100;"Opole";"opolskie";12;84;84;"46,74";"0,43";"41,88";"58,12";"0,00";"99,57";"54,40";"9,26";"5,03";"9,93";;"0,15";;"20,06";;"1,18";
180100;"bieszczadzki";"podkarpackie";9;37;37;"34,62";"0,57";"73,53";"26,47";"0,00";"99,43";"33,31";"3,25";"4,14";"16,39";;"0,08";;"42,27";;"0,56";
180200;"brzozowski";"podkarpackie";9;59;59;"34,89";"0,62";"59,46";"40,54";"0,00";"99,38";"15,14";"1,04";"3,05";"15,21";;"0,20";;"64,48";;"0,88";
180300;"dębicki";"podkarpackie";9;118;118;"38,99";"0,73";"57,58";"42,42";"0,00";"99,27";"18,96";"1,61";"7,18";"14,84";;"0,24";;"56,18";;"0,99";
180400;"jarosławski";"podkarpackie";9;120;120;"36,64";"0,73";"53,60";"46,40";"0,00";"99,27";"19,55";"1,53";"3,93";"15,99";;"0,24";;"56,90";;"1,86";
180500;"jasielski";"podkarpackie";9;127;127;"38,48";"0,67";"60,87";"39,13";"0,00";"99,33";"21,48";"1,79";"2,64";"13,04";;"0,23";;"59,96";;"0,86";
180600;"kolbuszowski";"podkarpackie";9;66;66;"37,04";"0,78";"61,27";"38,73";"0,00";"99,22";"11,61";"1,33";"4,20";"26,76";;"0,20";;"55,24";;"0,67";
180700;"krośnieński";"podkarpackie";9;111;111;"36,14";"0,58";"54,55";"45,45";"0,00";"99,42";"22,56";"1,65";"3,36";"14,92";;"0,26";;"56,05";;"1,20";
180800;"leżajski";"podkarpackie";9;58;58;"39,36";"0,51";"48,15";"51,85";"0,00";"99,49";"19,58";"0,97";"1,73";"15,20";;"0,19";;"61,63";;"0,70";
180900;"lubaczowski";"podkarpackie";9;67;67;"33,09";"0,75";"58,33";"41,67";"0,00";"99,25";"22,29";"1,99";"4,77";"14,23";;"0,22";;"55,59";;"0,90";
181000;"łańcucki";"podkarpackie";9;58;58;"39,78";"0,49";"47,97";"52,03";"0,00";"99,51";"18,28";"1,64";"4,44";"18,72";;"0,27";;"55,26";;"1,39";
181100;"mielecki";"podkarpackie";9;124;124;"38,28";"0,54";"57,67";"42,33";"0,00";"99,46";"18,09";"2,07";"9,89";"14,60";;"0,19";;"54,36";;"0,82";
181200;"niżański";"podkarpackie";9;83;83;"36,93";"0,65";"50,40";"49,60";"0,00";"99,35";"14,27";"2,00";"5,05";"13,45";;"0,21";;"64,19";;"0,82";
181300;"przemyski";"podkarpackie";9;106;106;"34,21";"0,93";"60,87";"39,13";"0,00";"99,07";"19,20";"1,60";"4,84";"17,39";;"0,39";;"55,18";;"1,41";
181400;"przeworski";"podkarpackie";9;82;82;"35,04";"0,65";"53,24";"46,76";"0,00";"99,35";"17,83";"1,72";"5,17";"16,56";;"0,19";;"57,44";;"1,10";
181500;"ropczycko-sędziszowski";"podkarpackie";9;69;69;"39,04";"0,61";"54,74";"45,26";"0,00";"99,39";"13,05";"1,45";"5,28";"17,09";;"0,20";;"61,91";;"1,02";
181600;"rzeszowski";"podkarpackie";9;125;125;"41,04";"0,55";"61,46";"38,54";"0,00";"99,45";"19,69";"1,67";"4,23";"17,70";;"0,32";;"55,11";;"1,28";
181700;"sanocki";"podkarpackie";9;82;82;"36,07";"0,63";"65,66";"34,34";"0,00";"99,37";"31,30";"2,63";"4,05";"13,56";;"0,20";;"47,48";;"0,79";
181800;"stalowowolski";"podkarpackie";9;95;95;"39,39";"0,67";"53,27";"46,73";"0,00";"99,33";"23,99";"2,09";"4,04";"11,32";;"0,22";;"57,11";;"1,23";
181900;"strzyżowski";"podkarpackie";9;64;64;"35,74";"0,62";"56,60";"43,40";"0,00";"99,38";"18,26";"1,55";"3,84";"17,45";;"0,41";;"57,41";;"1,07";
182000;"tarnobrzeski";"podkarpackie";9;51;51;"34,74";"0,78";"60,18";"39,82";"0,00";"99,22";"18,06";"1,60";"6,13";"14,26";;"0,20";;"58,48";;"1,27";
182100;"leski";"podkarpackie";9;32;32;"38,90";"0,75";"67,69";"32,31";"0,00";"99,25";"33,02";"2,45";"3,12";"13,09";;"0,22";;"47,11";;"0,98";
186100;"Krosno";"podkarpackie";9;28;28;"41,56";"0,40";"29,31";"70,69";"0,00";"99,60";"40,78";"3,21";"3,26";"11,65";;"0,28";;"39,73";;"1,09";
186200;"Przemyśl";"podkarpackie";9;39;39;"37,34";"0,70";"67,52";"32,48";"0,00";"99,30";"39,70";"2,47";"3,56";"13,35";;"0,23";;"39,44";;"1,25";
186300;"Rzeszów";"podkarpackie";9;102;102;"46,97";"0,35";"48,79";"51,21";"0,00";"99,65";"40,88";"3,97";"5,10";"14,12";;"0,22";;"34,20";;"1,50";
186400;"Tarnobrzeg";"podkarpackie";9;35;35;"38,76";"0,50";"48,53";"51,47";"0,00";"99,50";"42,65";"2,99";"4,35";"9,70";;"0,23";;"37,99";;"2,08";
200100;"augustowski";"podlaskie";3;54;54;"33,94";"0,64";"56,70";"43,30";"0,00";"99,36";"27,34";"2,49";"8,23";"15,51";"0,41";"0,35";;"44,79";;"0,88";
200200;"białostocki";"podlaskie";3;149;149;"40,79";"0,60";"48,82";"51,18";"0,00";"99,40";"30,07";"2,60";"8,60";"15,07";"0,53";"0,25";;"41,98";;"0,89";
200300;"bielski";"podlaskie";3;56;56;"33,89";"0,64";"56,04";"43,96";"0,00";"99,36";"24,46";"4,06";"11,07";"13,78";"0,38";"0,23";;"45,09";;"0,91";
200400;"grajewski";"podlaskie";3;46;46;"30,82";"0,80";"50,00";"50,00";"0,00";"99,20";"18,63";"1,63";"13,52";"14,11";"0,23";"0,19";;"51,03";;"0,67";
200500;"hajnowski";"podlaskie";3;47;47;"30,08";"0,94";"48,96";"51,04";"0,00";"99,06";"37,43";"7,36";"15,02";"14,48";"0,72";"0,51";;"22,99";;"1,48";
200600;"kolneński";"podlaskie";3;48;48;"30,90";"0,82";"56,00";"44,00";"0,00";"99,18";"11,52";"1,02";"12,54";"18,27";"0,25";"0,15";;"55,48";;"0,76";
200700;"łomżyński";"podlaskie";3;61;61;"33,85";"0,74";"48,51";"51,49";"0,00";"99,26";"12,99";"0,96";"9,39";"18,85";"0,26";"0,25";;"56,76";;"0,54";
200800;"moniecki";"podlaskie";3;43;43;"29,70";"0,69";"50,00";"50,00";"0,00";"99,31";"19,95";"1,59";"8,77";"17,39";"0,42";"0,29";;"50,60";;"0,98";
200900;"sejneński";"podlaskie";3;22;22;"28,78";"0,59";"51,85";"48,15";"0,00";"99,41";"31,60";"3,12";"11,70";"13,87";"0,42";"0,16";;"38,25";;"0,89";
201000;"siemiatycki";"podlaskie";3;54;54;"32,81";"0,72";"51,85";"48,15";"0,00";"99,28";"23,55";"3,29";"9,64";"16,97";"0,41";"0,20";;"45,08";;"0,86";
201100;"sokólski";"podlaskie";3;73;73;"32,55";"0,72";"46,67";"53,33";"0,00";"99,28";"23,25";"2,13";"8,92";"16,10";"0,37";"0,20";;"48,02";;"1,00";
201200;"suwalski";"podlaskie";3;42;42;"32,03";"0,73";"39,39";"60,61";"0,00";"99,27";"21,60";"1,93";"8,88";"20,96";"0,57";"0,44";;"44,55";;"1,07";
201300;"wysokomazowiecki";"podlaskie";3;68;68;"39,08";"0,69";"45,76";"54,24";"0,00";"99,31";"11,64";"0,91";"8,92";"19,22";"0,25";"0,19";;"57,86";;"1,01";
201400;"zambrowski";"podlaskie";3;49;49;"34,69";"0,78";"57,61";"42,39";"0,00";"99,22";"14,99";"1,12";"15,72";"15,37";"0,21";"0,29";;"51,68";;"0,63";
206100;"Białystok";"podlaskie";3;191;191;"45,50";"0,43";"47,60";"52,40";"0,00";"99,57";"40,45";"4,14";"8,72";"12,30";"0,45";"0,22";;"32,88";;"0,84";
206200;"Łomża";"podlaskie";3;32;32;"38,64";"0,51";"56,18";"43,82";"0,00";"99,49";"30,68";"1,90";"10,17";"10,63";"0,31";"0,19";;"45,55";;"0,58";
206300;"Suwałki";"podlaskie";3;38;38;"35,02";"0,55";"51,00";"49,00";"0,00";"99,45";"39,20";"2,46";"6,63";"12,22";"0,42";"0,30";;"37,89";;"0,88";
220100;"bytowski";"pomorskie";1;114;114;"34,54";"0,69";"55,00";"45,00";"0,00";"99,31";"40,74";"2,45";"6,53";"9,01";;"0,32";;"39,97";;"0,99";
220200;"chojnicki";"pomorskie";1;86;86;"36,63";"0,67";"52,81";"47,19";"0,00";"99,33";"42,90";"2,32";"4,24";"10,76";;"0,36";;"38,54";;"0,86";
220300;"człuchowski";"pomorskie";1;78;78;"31,17";"1,13";"58,94";"41,06";"0,00";"98,87";"50,59";"2,91";"4,84";"10,02";;"0,45";;"30,09";;"1,10";
220400;"gdański";"pomorskie";1;76;76;"42,15";"0,57";"56,36";"43,64";"0,00";"99,43";"53,42";"4,01";"6,77";"10,91";;"0,37";;"23,15";;"1,36";
220500;"kartuski";"pomorskie";1;112;112;"41,67";"0,47";"43,96";"56,04";"0,00";"99,53";"41,78";"2,53";"4,69";"12,93";;"0,31";;"36,52";;"1,24";
220600;"kościerski";"pomorskie";1;63;63;"38,86";"0,62";"56,82";"43,18";"0,00";"99,38";"40,84";"2,39";"4,53";"11,40";;"0,42";;"39,61";;"0,82";
220700;"kwidzyński";"pomorskie";1;77;77;"32,01";"0,81";"61,39";"38,61";"0,00";"99,19";"46,05";"3,99";"3,89";"11,45";;"0,40";;"32,86";;"1,35";
220800;"lęborski";"pomorskie";1;58;58;"39,88";"0,56";"60,55";"39,45";"0,00";"99,44";"50,37";"3,07";"4,78";"8,99";;"0,31";;"31,32";;"1,16";
220900;"malborski";"pomorskie";1;44;44;"34,58";"0,54";"59,77";"40,23";"0,00";"99,46";"51,65";"4,26";"4,46";"9,64";;"0,34";;"28,02";;"1,62";
221000;"nowodworski";"pomorskie";1;38;38;"39,49";"0,51";"53,33";"46,67";"0,00";"99,49";"52,69";"3,96";"4,10";"9,28";;"0,31";;"28,76";;"0,90";
221100;"pucki";"pomorskie";1;77;77;"46,28";"0,52";"48,09";"51,91";"0,00";"99,48";"50,87";"3,33";"6,64";"10,01";;"0,32";;"27,80";;"1,02";
221200;"słupski";"pomorskie";1;128;128;"36,07";"0,79";"66,82";"33,18";"0,00";"99,21";"50,19";"3,36";"4,19";"8,21";;"0,44";;"32,62";;"0,99";
221300;"starogardzki";"pomorskie";1;112;112;"34,74";"0,67";"57,27";"42,73";"0,00";"99,33";"39,48";"2,67";"5,22";"10,93";;"0,35";;"39,87";;"1,48";
221400;"tczewski";"pomorskie";1;100;100;"35,81";"0,77";"66,09";"33,91";"0,00";"99,23";"44,33";"3,19";"6,33";"10,62";;"0,36";;"33,61";;"1,55";
221500;"wejherowski";"pomorskie";1;131;131;"41,11";"0,51";"50,88";"49,12";"0,00";"99,49";"47,48";"3,71";"6,09";"11,13";;"0,33";;"30,06";;"1,20";
221600;"sztumski";"pomorskie";1;44;44;"29,83";"1,01";"58,51";"41,49";"0,00";"98,99";"46,96";"3,78";"5,39";"9,37";;"0,59";;"32,18";;"1,74";
226100;"Gdańsk";"pomorskie";1;201;201;"52,22";"0,30";"39,85";"60,15";"0,00";"99,70";"57,39";"6,87";"5,42";"7,87";;"0,28";;"21,09";;"1,09";
226200;"Gdynia";"pomorskie";1;118;118;"50,79";"0,34";"42,24";"57,76";"0,00";"99,66";"56,71";"6,90";"6,28";"7,81";;"0,26";;"21,01";;"1,03";
226300;"Słupsk";"pomorskie";1;47;47;"41,16";"0,40";"55,24";"44,76";"0,00";"99,60";"54,41";"3,69";"3,31";"7,11";;"0,36";;"30,40";;"0,72";
226400;"Sopot";"pomorskie";1;23;23;"58,55";"0,31";"38,78";"61,22";"0,00";"99,69";"62,22";"6,44";"3,96";"5,85";;"0,28";;"20,53";;"0,72";
240100;"będziński";"śląskie";11;100;100;"40,67";"0,57";"60,69";"39,31";"0,00";"99,43";"47,57";"6,88";"4,41";"8,91";"0,41";"0,23";"0,15";"30,40";"0,31";"0,73";
240200;"bielski";"śląskie";11;94;94;"43,57";"0,56";"49,84";"50,16";"0,00";"99,44";"38,00";"3,34";"5,93";"11,73";"0,45";"0,21";"0,11";"39,34";"0,23";"0,66";
240300;"cieszyński";"śląskie";11;127;127;"39,81";"0,51";"58,42";"41,58";"0,00";"99,49";"40,22";"4,15";"5,48";"11,76";"0,53";"0,25";"0,15";"36,50";"0,29";"0,66";
240400;"częstochowski";"śląskie";11;145;145;"37,39";"0,66";"58,40";"41,60";"0,00";"99,34";"28,95";"4,86";"6,98";"10,12";"0,57";"0,21";"0,21";"46,88";"0,48";"0,74";
240500;"gliwicki";"śląskie";11;87;87;"37,03";"0,63";"51,00";"49,00";"0,00";"99,37";"42,05";"3,22";"4,74";"11,43";"0,57";"0,28";"0,20";"36,38";"0,30";"0,82";
240600;"kłobucki";"śląskie";11;73;73;"34,50";"0,55";"61,42";"38,58";"0,00";"99,45";"23,80";"3,66";"15,41";"10,71";"0,51";"0,20";"0,14";"44,67";"0,21";"0,68";
240700;"lubliniecki";"śląskie";11;71;71;"35,81";"0,82";"53,14";"46,86";"0,00";"99,18";"34,65";"2,61";"5,28";"12,39";"0,64";"0,31";"0,25";"42,76";"0,27";"0,83";
240800;"mikołowski";"śląskie";11;65;65;"43,53";"0,53";"47,70";"52,30";"0,00";"99,47";"40,03";"2,90";"8,81";"11,41";"0,34";"0,22";"0,13";"35,24";"0,23";"0,69";
240900;"myszkowski";"śląskie";11;61;61;"37,66";"0,52";"46,30";"53,70";"0,00";"99,48";"31,68";"4,61";"4,15";"9,39";"0,47";"0,24";"0,27";"48,29";"0,21";"0,69";
241000;"pszczyński";"śląskie";11;78;78;"42,99";"0,48";"50,88";"49,12";"0,00";"99,52";"31,62";"2,70";"5,37";"12,07";"0,58";"0,17";"0,09";"46,52";"0,20";"0,68";
241100;"raciborski";"śląskie";11;85;85;"31,53";"0,67";"57,74";"42,26";"0,00";"99,33";"42,94";"2,65";"3,89";"11,27";"0,37";"0,18";"0,15";"37,61";"0,20";"0,75";
241200;"rybnicki";"śląskie";11;48;48;"37,33";"0,54";"46,61";"53,39";"0,00";"99,46";"34,46";"1,85";"3,48";"11,61";"0,46";"0,18";"0,15";"46,89";"0,24";"0,69";
241300;"tarnogórski";"śląskie";11;93;93;"41,37";"0,51";"50,67";"49,33";"0,00";"99,49";"42,18";"3,34";"5,37";"10,89";"0,46";"0,25";"0,16";"36,34";"0,29";"0,71";
241400;"bieruńsko-lędziński";"śląskie";11;42;42;"42,13";"0,57";"51,85";"48,15";"0,00";"99,43";"26,98";"2,61";"7,17";"13,12";"0,62";"0,21";"0,12";"48,16";"0,23";"0,79";
241500;"wodzisławski";"śląskie";11;103;103;"37,07";"0,48";"55,12";"44,88";"0,00";"99,52";"37,42";"2,34";"3,70";"10,93";"0,43";"0,18";"0,11";"44,11";"0,20";"0,58";
241600;"zawierciański";"śląskie";11;121;121;"38,41";"0,67";"53,62";"46,38";"0,00";"99,33";"35,83";"4,37";"4,55";"10,29";"0,47";"0,20";"0,44";"42,82";"0,33";"0,69";
241700;"żywiecki";"śląskie";11;107;107;"40,82";"0,58";"58,21";"41,79";"0,00";"99,42";"26,86";"2,45";"5,99";"11,18";"0,41";"0,20";"0,13";"51,98";"0,20";"0,61";
246100;"Bielsko-Biała";"śląskie";11;77;77;"46,85";"0,46";"50,75";"49,25";"0,00";"99,54";"45,45";"4,55";"5,15";"10,11";"0,36";"0,22";"0,07";"33,22";"0,22";"0,64";
246200;"Bytom";"śląskie";11;82;82;"35,98";"0,58";"50,66";"49,34";"0,00";"99,42";"46,10";"5,29";"4,49";"9,66";"0,60";"0,20";"0,31";"32,39";"0,23";"0,72";
246300;"Chorzów";"śląskie";11;65;65;"38,78";"0,61";"47,40";"52,60";"0,00";"99,39";"50,35";"4,90";"6,39";"9,52";"0,51";"0,14";"0,22";"26,87";"0,30";"0,79";
246400;"Częstochowa";"śląskie";11;134;134;"43,30";"0,40";"40,43";"59,57";"0,00";"99,60";"42,48";"7,55";"4,92";"8,30";"0,55";"0,21";"0,13";"34,99";"0,19";"0,68";
246500;"Dąbrowa Górnicza";"śląskie";11;67;67;"41,20";"0,46";"50,60";"49,40";"0,00";"99,54";"49,26";"6,95";"4,18";"8,24";"0,34";"0,48";"0,13";"29,50";"0,24";"0,66";
246600;"Gliwice";"śląskie";11;117;117;"44,16";"0,47";"50,38";"49,62";"0,00";"99,53";"50,43";"5,37";"5,07";"9,83";"0,38";"0,19";"0,11";"27,41";"0,21";"0,99";
246700;"Jastrzębie-Zdrój";"śląskie";11;38;38;"37,14";"0,60";"41,55";"58,45";"0,00";"99,40";"34,49";"3,28";"3,43";"9,27";"0,43";"0,23";"0,13";"47,91";"0,17";"0,66";
246800;"Jaworzno";"śląskie";11;48;48;"39,80";"0,54";"51,72";"48,28";"0,00";"99,46";"41,17";"5,02";"4,55";"10,61";"0,53";"0,21";"0,08";"36,70";"0,21";"0,93";
246900;"Katowice";"śląskie";11;168;168;"47,41";"0,45";"43,43";"56,57";"0,00";"99,55";"50,42";"6,69";"6,19";"8,88";"0,39";"0,17";"0,14";"26,23";"0,22";"0,67";
247000;"Mysłowice";"śląskie";11;41;41;"41,52";"0,57";"52,76";"47,24";"0,00";"99,43";"42,37";"4,36";"4,97";"10,93";"0,41";"0,18";"0,23";"35,71";"0,19";"0,65";
247100;"Piekary Śląskie";"śląskie";11;32;32;"38,74";"0,60";"50,54";"49,46";"0,00";"99,40";"41,46";"3,36";"4,34";"8,92";"0,46";"0,16";"0,15";"40,39";"0,21";"0,54";
247200;"Ruda Śląska";"śląskie";11;79;79;"36,35";"0,56";"44,55";"55,45";"0,00";"99,44";"42,80";"3,63";"6,08";"9,30";"0,57";"0,20";"0,23";"36,25";"0,27";"0,68";
247300;"Rybnik";"śląskie";11;72;72;"39,29";"0,38";"41,33";"58,67";"0,00";"99,62";"43,57";"2,68";"3,52";"10,68";"0,43";"0,19";"0,15";"37,85";"0,33";"0,62";
247400;"Siemianowice Śląskie";"śląskie";11;41;41;"40,84";"0,51";"51,52";"48,48";"0,00";"99,49";"48,96";"5,02";"6,09";"10,41";"0,50";"0,25";"0,20";"27,56";"0,28";"0,73";
247500;"Sosnowiec";"śląskie";11;107;107;"41,46";"0,45";"54,61";"45,39";"0,00";"99,55";"47,26";"8,67";"4,62";"8,03";"0,43";"0,25";"0,12";"29,71";"0,21";"0,71";
247600;"Świętochłowice";"śląskie";11;27;27;"35,78";"0,47";"34,48";"65,52";"0,00";"99,53";"45,43";"4,00";"5,93";"9,85";"0,81";"0,18";"0,19";"32,53";"0,43";"0,64";
247700;"Tychy";"śląskie";11;67;67;"44,17";"0,44";"51,96";"48,04";"0,00";"99,56";"37,98";"4,89";"12,00";"10,14";"0,50";"0,16";"0,08";"33,41";"0,16";"0,66";
247800;"Zabrze";"śląskie";11;89;89;"34,39";"0,53";"46,30";"53,70";"0,00";"99,47";"46,63";"4,73";"4,25";"9,43";"0,46";"0,18";"0,16";"33,06";"0,34";"0,76";
247900;"Żory";"śląskie";11;26;26;"39,09";"0,48";"43,02";"56,98";"0,00";"99,52";"39,98";"3,22";"4,82";"10,60";"0,50";"0,19";"0,12";"39,75";"0,24";"0,58";
260100;"buski";"świętokrzyskie";10;94;94;"37,46";"0,74";"66,88";"33,12";"0,00";"99,26";"16,44";"3,15";"19,88";"11,05";"0,20";"0,22";"0,08";"48,45";;"0,53";
260200;"jędrzejowski";"świętokrzyskie";10;97;97;"36,28";"0,80";"73,06";"26,94";"0,00";"99,20";"16,00";"2,95";"13,06";"13,38";"0,19";"0,19";"0,20";"53,17";;"0,86";
260300;"kazimierski";"świętokrzyskie";10;34;34;"30,15";"0,91";"67,12";"32,88";"0,00";"99,09";"12,48";"2,65";"19,61";"13,43";"0,21";"0,21";"0,05";"50,92";;"0,43";
260400;"kielecki";"świętokrzyskie";10;247;247;"38,36";"0,61";"64,45";"35,55";"0,00";"99,39";"14,43";"3,15";"13,42";"14,05";"0,22";"0,20";"0,08";"53,72";;"0,72";
260500;"konecki";"świętokrzyskie";10;85;85;"36,81";"0,67";"68,83";"31,17";"0,00";"99,33";"15,46";"10,42";"10,01";"11,72";"0,19";"0,23";"0,07";"51,32";;"0,58";
260600;"opatowski";"świętokrzyskie";10;82;82;"34,24";"1,14";"56,25";"43,75";"0,00";"98,86";"10,74";"3,12";"14,57";"15,03";"0,20";"0,38";"0,17";"55,24";;"0,56";
260700;"ostrowiecki";"świętokrzyskie";10;95;95;"34,83";"0,77";"66,36";"33,64";"0,00";"99,23";"26,21";"5,74";"13,38";"11,60";"0,23";"0,22";"0,09";"41,98";;"0,56";
260800;"pińczowski";"świętokrzyskie";10;41;41;"32,40";"0,94";"59,38";"40,62";"0,00";"99,06";"16,45";"3,51";"17,94";"13,25";"0,18";"0,27";"0,05";"47,89";;"0,46";
260900;"sandomierski";"świętokrzyskie";10;89;89;"35,26";"0,71";"71,52";"28,48";"0,00";"99,29";"16,44";"3,71";"17,53";"13,72";"0,26";"0,25";"0,08";"47,54";;"0,48";
261000;"skarżyski";"świętokrzyskie";10;63;63;"37,81";"0,52";"56,76";"43,24";"0,00";"99,48";"27,14";"5,26";"13,47";"11,15";"0,24";"0,22";"0,11";"41,78";;"0,63";
261100;"starachowicki";"świętokrzyskie";10;70;70;"36,35";"0,53";"63,36";"36,64";"0,00";"99,47";"23,64";"4,13";"11,84";"12,86";"0,23";"0,19";"0,08";"46,27";;"0,76";
261200;"staszowski";"świętokrzyskie";10;92;92;"35,58";"0,74";"58,39";"41,61";"0,00";"99,26";"12,86";"2,70";"14,20";"13,47";"0,27";"0,26";"0,06";"55,58";;"0,61";
261300;"włoszczowski";"świętokrzyskie";10;42;42;"36,21";"0,80";"57,69";"42,31";"0,00";"99,20";"9,64";"3,02";"19,48";"14,89";"0,12";"0,14";"0,05";"52,27";;"0,39";
266100;"Kielce";"świętokrzyskie";10;95;95;"46,57";"0,41";"49,63";"50,37";"0,00";"99,59";"34,33";"6,68";"13,25";"10,25";"0,16";"0,17";"0,07";"34,50";;"0,59";
280100;"bartoszycki";"warmińsko-mazurskie";3;56;56;"30,35";"1,20";"60,38";"39,62";"0,00";"98,80";"48,87";"2,72";"4,91";"10,06";"0,50";"0,31";;"31,75";;"0,89";
280200;"braniewski";"warmińsko-mazurskie";3;42;42;"29,42";"0,98";"62,50";"37,50";"0,00";"99,02";"45,24";"3,16";"6,12";"11,07";"0,63";"0,35";;"32,13";;"1,30";
280300;"działdowski";"warmińsko-mazurskie";3;78;78;"30,29";"1,07";"62,50";"37,50";"0,00";"98,93";"34,24";"3,05";"6,85";"9,82";"0,46";"0,34";;"44,20";;"1,04";
280400;"elbląski";"warmińsko-mazurskie";3;58;58;"29,09";"1,07";"61,48";"38,52";"0,00";"98,93";"42,49";"2,97";"7,33";"11,93";"0,62";"0,33";;"33,04";;"1,28";
280500;"ełcki";"warmińsko-mazurskie";3;58;58;"30,21";"0,84";"58,68";"41,32";"0,00";"99,16";"40,07";"4,13";"5,19";"13,71";"0,33";"0,31";;"35,46";;"0,80";
280600;"giżycki";"warmińsko-mazurskie";3;57;57;"35,01";"0,72";"62,73";"37,27";"0,00";"99,28";"47,30";"4,06";"6,50";"10,95";"0,47";"0,16";;"28,35";;"2,20";
280700;"iławski";"warmińsko-mazurskie";3;74;74;"31,99";"0,84";"63,30";"36,70";"0,00";"99,16";"39,50";"3,51";"7,50";"10,86";"0,65";"0,22";;"36,58";;"1,18";
280800;"kętrzyński";"warmińsko-mazurskie";3;59;59;"29,50";"0,75";"64,08";"35,92";"0,00";"99,25";"42,93";"4,32";"6,65";"11,88";"0,64";"0,28";;"32,18";;"1,13";
280900;"lidzbarski";"warmińsko-mazurskie";3;41;41;"31,77";"0,82";"65,00";"35,00";"0,00";"99,18";"50,93";"2,61";"4,40";"10,43";"0,39";"0,17";;"30,37";;"0,71";
281000;"mrągowski";"warmińsko-mazurskie";3;49;49;"33,95";"0,96";"56,00";"44,00";"0,00";"99,04";"45,89";"3,81";"6,15";"11,80";"0,44";"0,32";;"30,36";;"1,24";
281100;"nidzicki";"warmińsko-mazurskie";3;38;38;"29,97";"1,07";"74,68";"25,32";"0,00";"98,93";"36,11";"3,51";"5,59";"10,99";"0,52";"0,23";;"42,05";;"1,01";
281200;"nowomiejski";"warmińsko-mazurskie";3;59;59;"31,18";"0,86";"55,68";"44,32";"0,00";"99,14";"31,30";"2,84";"8,12";"11,26";"0,60";"0,26";;"44,45";;"1,19";
281300;"olecki";"warmińsko-mazurskie";3;36;36;"28,68";"0,95";"58,82";"41,18";"0,00";"99,05";"35,25";"3,11";"5,86";"19,72";"0,42";"0,17";;"34,46";;"1,00";
281400;"olsztyński";"warmińsko-mazurskie";3;159;159;"34,95";"0,81";"56,34";"43,66";"0,00";"99,19";"47,26";"5,40";"6,79";"11,45";"0,55";"0,25";;"27,04";;"1,26";
281500;"ostródzki";"warmińsko-mazurskie";3;101;101;"31,28";"0,79";"64,43";"35,57";"0,00";"99,21";"48,35";"3,64";"5,48";"10,07";"0,43";"0,27";;"30,79";;"0,96";
281600;"piski";"warmińsko-mazurskie";3;46;46;"29,84";"0,97";"68,29";"31,71";"0,00";"99,03";"34,33";"2,91";"6,66";"12,07";"0,41";"0,28";;"42,19";;"1,14";
281700;"szczycieński";"warmińsko-mazurskie";3;84;84;"31,98";"0,95";"63,64";"36,36";"0,00";"99,05";"36,22";"4,03";"9,43";"11,80";"0,41";"0,34";;"36,44";;"1,32";
281800;"gołdapski";"warmińsko-mazurskie";3;25;25;"29,09";"0,87";"66,00";"34,00";"0,00";"99,13";"44,92";"3,66";"6,67";"13,47";"0,53";"0,28";;"29,49";;"0,97";
281900;"węgorzewski";"warmińsko-mazurskie";3;29;29;"31,79";"0,69";"68,42";"31,58";"0,00";"99,31";"44,78";"5,59";"6,34";"11,05";"0,75";"0,16";;"29,55";;"1,79";
286100;"Elbląg";"warmińsko-mazurskie";3;62;62;"39,00";"0,57";"46,28";"53,72";"0,00";"99,43";"52,41";"4,17";"4,87";"8,28";"0,40";"0,30";;"28,64";;"0,94";
286200;"Olsztyn";"warmińsko-mazurskie";3;104;104;"44,67";"0,43";"48,54";"51,46";"0,00";"99,57";"52,05";"6,75";"5,88";"9,64";"0,36";"0,19";;"23,96";;"1,16";
300100;"chodzieski";"wielkopolskie";7;46;46;"36,24";"1,10";"64,79";"35,21";"0,00";"98,90";"41,43";"7,10";"10,04";"13,08";"0,65";"0,31";"0,34";"26,24";;"0,82";
300200;"czarnkowsko-trzcianecki";"wielkopolskie";7;83;83;"33,53";"0,85";"68,28";"31,72";"0,00";"99,15";"37,67";"5,67";"10,44";"14,51";"0,60";"0,33";"0,29";"29,73";;"0,76";
300300;"gnieźnieński";"wielkopolskie";7;128;128;"37,16";"0,85";"65,99";"34,01";"0,00";"99,15";"34,55";"10,08";"7,96";"14,59";"0,57";"0,36";"0,25";"30,84";;"0,79";
300400;"gostyński";"wielkopolskie";7;91;91;"32,94";"0,94";"69,66";"30,34";"0,00";"99,06";"25,05";"6,82";"8,80";"19,13";"0,71";"0,36";"0,35";"37,85";;"0,93";
300500;"grodziski";"wielkopolskie";7;32;32;"31,48";"0,94";"59,48";"40,52";"0,00";"99,06";"31,11";"4,96";"11,39";"15,28";"0,66";"0,28";"0,47";"34,51";;"1,33";
300600;"jarociński";"wielkopolskie";7;64;64;"33,60";"0,70";"71,88";"28,12";"0,00";"99,30";"29,37";"5,65";"9,54";"13,22";"0,66";"0,23";"0,20";"40,41";;"0,71";
300700;"kaliski";"wielkopolskie";7;99;99;"33,87";"0,70";"65,81";"34,19";"0,00";"99,30";"19,72";"4,18";"9,66";"16,21";"0,64";"0,15";"0,23";"48,60";;"0,61";
300800;"kępiński";"wielkopolskie";7;54;54;"36,45";"0,78";"57,72";"42,28";"0,00";"99,22";"32,39";"5,07";"8,18";"14,94";"0,50";"0,26";"0,17";"37,92";;"0,57";
300900;"kolski";"wielkopolskie";7;68;68;"34,09";"0,93";"61,72";"38,28";"0,00";"99,07";"20,30";"5,11";"7,59";"19,31";"0,52";"0,13";"0,13";"46,38";;"0,53";
301000;"koniński";"wielkopolskie";7;119;119;"32,25";"0,80";"59,25";"40,75";"0,00";"99,20";"20,91";"4,91";"7,84";"16,04";"0,74";"0,21";"0,20";"48,37";;"0,78";
301100;"kościański";"wielkopolskie";7;82;82;"34,74";"0,79";"62,20";"37,80";"0,00";"99,21";"35,25";"6,39";"9,56";"15,16";"0,66";"0,29";"0,26";"31,49";;"0,93";
301200;"krotoszyński";"wielkopolskie";7;73;73;"32,63";"0,96";"62,98";"37,02";"0,00";"99,04";"27,78";"6,08";"9,31";"14,79";"0,61";"0,20";"0,33";"39,97";;"0,93";
301300;"leszczyński";"wielkopolskie";7;51;51;"33,32";"0,80";"63,64";"36,36";"0,00";"99,20";"30,39";"6,68";"9,52";"19,93";"0,64";"0,23";"0,23";"31,71";;"0,67";
301400;"międzychodzki";"wielkopolskie";7;27;27;"32,96";"0,98";"63,74";"36,26";"0,00";"99,02";"38,09";"6,30";"11,65";"14,72";"0,55";"0,29";"0,37";"27,21";;"0,82";
301500;"nowotomyski";"wielkopolskie";7;56;56;"36,05";"0,81";"62,87";"37,13";"0,00";"99,19";"34,52";"6,56";"14,83";"12,47";"0,59";"0,32";"0,47";"27,39";;"2,85";
301600;"obornicki";"wielkopolskie";7;69;69;"36,09";"0,94";"68,00";"32,00";"0,00";"99,06";"35,48";"6,98";"15,59";"13,61";"0,70";"0,31";"0,32";"26,27";;"0,74";
301700;"ostrowski";"wielkopolskie";7;147;147;"37,78";"0,67";"63,26";"36,74";"0,00";"99,33";"34,76";"6,04";"7,73";"12,50";"0,58";"0,20";"0,22";"37,36";;"0,62";
301800;"ostrzeszowski";"wielkopolskie";7;70;70;"34,39";"0,78";"61,40";"38,60";"0,00";"99,22";"27,16";"4,22";"14,32";"14,85";"0,49";"0,23";"0,23";"37,81";;"0,71";
301900;"pilski";"wielkopolskie";7;124;124;"38,42";"0,68";"64,64";"35,36";"0,00";"99,32";"40,67";"7,36";"8,55";"13,93";"0,66";"0,22";"0,20";"27,77";;"0,65";
302000;"pleszewski";"wielkopolskie";7;72;72;"33,96";"0,88";"64,14";"35,86";"0,00";"99,12";"28,42";"4,57";"11,08";"14,09";"0,58";"0,25";"0,28";"39,97";;"0,75";
302100;"poznański";"wielkopolskie";7;252;252;"47,47";"0,51";"55,70";"44,30";"0,00";"99,49";"49,46";"8,64";"9,12";"11,95";"0,43";"0,21";"0,25";"19,13";;"0,82";
302200;"rawicki";"wielkopolskie";7;65;65;"32,72";"1,21";"67,03";"32,97";"0,00";"98,79";"31,76";"6,98";"9,51";"14,78";"0,81";"0,39";"0,31";"34,37";;"1,08";
302300;"słupecki";"wielkopolskie";7;65;65;"33,43";"0,93";"57,34";"42,66";"0,00";"99,07";"21,72";"6,99";"16,14";"15,09";"0,58";"0,30";"0,29";"38,31";;"0,59";
302400;"szamotulski";"wielkopolskie";7;61;61;"36,26";"0,85";"61,19";"38,81";"0,00";"99,15";"40,16";"6,63";"11,84";"13,48";"0,58";"0,33";"0,26";"26,02";;"0,70";
302500;"średzki";"wielkopolskie";7;55;55;"35,74";"0,78";"64,57";"35,43";"0,00";"99,22";"34,37";"7,58";"10,49";"15,37";"0,63";"0,35";"0,31";"30,19";;"0,71";
302600;"śremski";"wielkopolskie";7;47;47;"34,17";"0,79";"68,80";"31,20";"0,00";"99,21";"35,84";"8,49";"9,19";"14,54";"0,69";"0,27";"0,35";"29,84";;"0,79";
302700;"turecki";"wielkopolskie";7;74;74;"34,13";"0,81";"60,11";"39,89";"0,00";"99,19";"22,24";"5,52";"8,49";"14,64";"0,59";"0,22";"0,25";"47,29";;"0,77";
302800;"wągrowiecki";"wielkopolskie";7;79;79;"34,76";"1,04";"68,95";"31,05";"0,00";"98,96";"33,69";"8,74";"11,51";"13,86";"0,92";"0,29";"0,41";"29,64";;"0,95";
302900;"wolsztyński";"wielkopolskie";7;50;50;"33,65";"0,86";"58,73";"41,27";"0,00";"99,14";"32,62";"5,36";"13,34";"14,70";"0,70";"0,36";"0,31";"31,32";;"1,29";
303000;"wrzesiński";"wielkopolskie";7;72;72;"36,55";"0,66";"62,24";"37,76";"0,00";"99,34";"34,20";"5,90";"10,00";"15,22";"0,58";"0,21";"0,27";"32,77";;"0,84";
303100;"złotowski";"wielkopolskie";7;72;72;"32,94";"1,10";"62,96";"37,04";"0,00";"98,90";"37,63";"5,79";"10,52";"14,00";"0,66";"0,33";"0,25";"29,96";;"0,86";
306100;"Kalisz";"wielkopolskie";7;57;57;"43,20";"0,40";"56,45";"43,55";"0,00";"99,60";"43,55";"7,44";"8,21";"10,94";"0,51";"0,17";"0,13";"28,57";;"0,49";
306200;"Konin";"wielkopolskie";7;47;47;"40,82";"0,53";"64,66";"35,34";"0,00";"99,47";"39,01";"8,47";"6,29";"11,18";"0,50";"0,14";"0,09";"33,77";;"0,55";
306300;"Leszno";"wielkopolskie";7;34;34;"41,88";"0,57";"43,52";"56,48";"0,00";"99,43";"48,36";"9,74";"6,44";"12,59";"0,29";"0,15";"0,20";"21,67";;"0,56";
306400;"Poznań";"wielkopolskie";7;259;259;"50,92";"0,38";"50,94";"49,06";"0,00";"99,62";"51,30";"12,69";"7,58";"9,61";"0,32";"0,16";"0,16";"17,68";;"0,51";
320100;"białogardzki";"zachodniopomorskie";13;36;36;"30,61";"0,90";"71,58";"28,42";"0,00";"99,10";"45,26";"8,08";"4,36";"9,41";;"0,17";;"31,77";;"0,96";
320200;"choszczeński";"zachodniopomorskie";13;63;63;"32,18";"1,06";"78,05";"21,95";"0,00";"98,94";"38,10";"9,78";"6,40";"9,61";;"0,23";;"35,09";;"0,80";
320300;"drawski";"zachodniopomorskie";13;63;63;"31,41";"0,90";"74,59";"25,41";"0,00";"99,10";"42,93";"7,80";"7,05";"9,28";;"0,32";;"31,64";;"0,98";
320400;"goleniowski";"zachodniopomorskie";13;74;74;"34,84";"0,98";"67,44";"32,56";"0,00";"99,02";"42,56";"8,25";"6,57";"9,90";;"0,32";;"31,31";;"1,10";
320500;"gryficki";"zachodniopomorskie";13;59;59;"39,26";"0,68";"54,96";"45,04";"0,00";"99,32";"44,62";"7,97";"7,56";"7,21";;"0,24";;"31,61";;"0,79";
320600;"gryfiński";"zachodniopomorskie";13;85;85;"33,19";"0,80";"63,98";"36,02";"0,00";"99,20";"39,11";"6,96";"5,37";"10,24";;"0,30";;"37,11";;"0,93";
320700;"kamieński";"zachodniopomorskie";13;50;50;"41,70";"0,66";"57,01";"42,99";"0,00";"99,34";"45,48";"8,62";"6,96";"8,06";;"0,26";;"29,73";;"0,89";
320800;"kołobrzeski";"zachodniopomorskie";13;65;65;"45,07";"0,68";"66,67";"33,33";"0,00";"99,32";"46,82";"10,62";"7,07";"6,98";;"0,23";;"27,59";;"0,69";
320900;"koszaliński";"zachodniopomorskie";13;77;77;"38,28";"0,93";"62,50";"37,50";"0,00";"99,07";"44,50";"7,95";"6,04";"9,46";;"0,33";;"30,50";;"1,23";
321000;"myśliborski";"zachodniopomorskie";13;74;74;"31,56";"0,89";"69,85";"30,15";"0,00";"99,11";"40,87";"7,61";"5,49";"9,92";;"0,20";;"34,96";;"0,95";
321100;"policki";"zachodniopomorskie";13;58;58;"44,23";"0,55";"45,95";"54,05";"0,00";"99,45";"49,85";"9,38";"6,11";"10,51";;"0,25";;"22,83";;"1,08";
321200;"pyrzycki";"zachodniopomorskie";13;36;36;"32,76";"0,95";"66,67";"33,33";"0,00";"99,05";"32,00";"4,89";"6,96";"11,45";;"0,25";;"43,69";;"0,75";
321300;"sławieński";"zachodniopomorskie";13;73;73;"39,11";"0,73";"67,94";"32,06";"0,00";"99,27";"42,48";"7,86";"5,63";"8,75";;"0,29";;"34,03";;"0,96";
321400;"stargardzki";"zachodniopomorskie";13;105;105;"37,57";"0,75";"62,45";"37,55";"0,00";"99,25";"40,80";"8,70";"7,13";"9,74";;"0,27";;"32,26";;"1,09";
321500;"szczecinecki";"zachodniopomorskie";13;71;71;"33,05";"0,82";"64,94";"35,06";"0,00";"99,18";"40,71";"8,20";"4,42";"8,82";;"0,17";;"36,85";;"0,83";
321600;"świdwiński";"zachodniopomorskie";13;45;45;"31,60";"0,88";"62,63";"37,37";"0,00";"99,12";"39,62";"8,78";"6,22";"8,85";;"0,35";;"35,16";;"1,02";
321700;"wałecki";"zachodniopomorskie";13;46;46;"33,10";"0,92";"63,03";"36,97";"0,00";"99,08";"45,83";"9,87";"6,30";"8,64";;"0,27";;"28,00";;"1,09";
321800;"łobeski";"zachodniopomorskie";13;33;33;"29,82";"0,98";"69,23";"30,77";"0,00";"99,02";"43,52";"5,21";"7,28";"8,94";;"0,18";;"34,19";;"0,69";
326100;"Koszalin";"zachodniopomorskie";13;55;55;"42,72";"0,52";"54,29";"45,71";"0,00";"99,48";"48,88";"11,05";"5,95";"7,97";;"0,29";;"25,00";;"0,88";
326200;"Szczecin";"zachodniopomorskie";13;210;210;"46,80";"0,41";"49,44";"50,56";"0,00";"99,59";"47,97";"10,58";"5,59";"9,30";;"0,23";;"25,49";;"0,85";
326300;"Świnoujście";"zachodniopomorskie";13;27;27;"44,62";"0,50";"44,29";"55,71";"0,00";"99,50";"47,21";"12,69";"5,55";"8,93";;"0,26";;"24,59";;"0,78";
